{
  "parent": "wasd.axe:recipes/crafter_recipe",
  "display": {
    "icon": {
      "item": "minecraft:diamond_axe",
      "nbt": "{CustomModelData:6370005}"
    },
    "title": "Enchanted Book Axe",
    "description": "1% chance to drop a randomly enchanted book.",
    "frame": "goal",
    "show_toast": true,
    "announce_to_chat": false,
    "hidden": false
  },
  "criteria": {
    "requirement": {
      "trigger": "minecraft:inventory_changed",
      "conditions": {
        "items": [
          {
            "nbt": "{CustomModelData:6370005}",
            "items": [
              "minecraft:diamond_axe"
            ]
          }
        ]
      }
    }
  }
}
