{
  "parent": "wasd.axe:recipes/crafter_recipe",
  "display": {
    "icon": {
      "item": "minecraft:iron_axe",
      "nbt": "{CustomModelData:6370001}"
    },
    "title": "Berserker Axe",
    "description": "Deals massive damage but also hurts the user.",
    "frame": "goal",
    "show_toast": true,
    "announce_to_chat": false,
    "hidden": false
  },
  "criteria": {
    "requirement": {
      "trigger": "minecraft:inventory_changed",
      "conditions": {
        "items": [
          {
            "nbt": "{CustomModelData:6370001}",
            "items": [
              "minecraft:iron_axe"
            ]
          }
        ]
      }
    }
  }
}
