{
  "pools": [
    {
      "rolls": 1,
      "entries": [
        {
          "type": "minecraft:item",
          "name": "minecraft:iron_sword",
          "functions": [
            {
              "function": "minecraft:set_nbt",
              "tag": "{lapis_sword:1b}"
            },
            {
              "function": "minecraft:enchant_with_levels",
              "levels": {
                "min": 15,
                "max": 30
              },
              "treasure": true
            }
          ]
        }
      ]
    }
  ]
}