{
  "type": "minecraft:chest",
  "pools": [
    {
      "bonus_rolls": 0.0,
      "entries": [
        {
          "type": "minecraft:item",
          "functions": [
            {
              "add": false,
              "count": {
                "type": "minecraft:uniform",
                "max": 3.0,
                "min": 1.0
              },
              "function": "minecraft:set_count"
            }
          ],
          "name": "minecraft:map",
          "weight": 10
        },
        {
          "type": "minecraft:item",
          "functions": [
            {
              "add": false,
              "count": {
                "type": "minecraft:uniform",
                "max": 5.0,
                "min": 1.0
              },
              "function": "minecraft:set_count"
            }
          ],
          "name": "minecraft:paper",
          "weight": 15
        },
        {
          "type": "minecraft:item",
          "name": "minecraft:compass",
          "weight": 5
        },
        {
          "type": "minecraft:item",
          "functions": [
            {
              "add": false,
              "count": {
                "type": "minecraft:uniform",
                "max": 4.0,
                "min": 1.0
              },
              "function": "minecraft:set_count"
            }
          ],
          "name": "minecraft:bread",
          "weight": 15
        },
        {
          "type": "minecraft:item",
          "functions": [
            {
              "add": false,
              "count": {
                "type": "minecraft:uniform",
                "max": 2.0,
                "min": 1.0
              },
              "function": "minecraft:set_count"
            }
          ],
          "name": "minecraft:stick",
          "weight": 5
        },
        {
          "type": "minecraft:item",
          "name": "minecraft:carrot_on_a_stick",
          "weight": 10,
          "functions": [
            {
              "function": "minecraft:set_nbt",
              "tag": "{display:{Name:'{\"text\":\"Rusty Scissors\",\"color\":\"white\",\"italic\":false}',Lore:['{\"text\":\" \",\"color\":\"gray\",\"italic\":false}','{\"text\":\"A really sharp pair of scissors. \",\"color\":\"gray\",\"italic\":false}','{\"text\":\"Be careful not to cut yourself.\",\"color\":\"gray\",\"italic\":false}','{\"text\":\" \",\"color\":\"gray\",\"italic\":false}','{\"text\":\"When use:\",\"color\":\"gray\",\"italic\":false}','[{\"text\":\"\"},{\"text\":\"+1 Hurt\",\"color\":\"blue\",\"italic\":false}]']},HideFlags:1,CustomModelData:5,add:1b,AttributeModifiers:[{AttributeName:\"generic.attack_damage\",Name:\"generic.attack_damage\",Amount:1,Operation:0,UUID:[I;2027707325,374294181,-2037583379,-2092882926],Slot:\"mainhand\"}]}"
            }
          ]
        }
      ],
      "rolls": {
        "type": "minecraft:uniform",
        "max": 5.0,
        "min": 1.0
      }
    }
  ]
}