{
  "parent": "wasd.boots:recipes/patron/patreon",
  "display": {
    "icon": {
      "item": "minecraft:leather_boots",
      "nbt": "{CustomModelData:6370021,display:{color:11007}}"
    },
    "title": "Water Boots",
    "description": "Automatically places water below you when falling from heights.",
    "frame": "goal",
    "show_toast": true,
    "announce_to_chat": false,
    "hidden": false
  },
  "criteria": {
    "requirement": {
      "trigger": "minecraft:inventory_changed",
      "conditions": {
        "items": [
          {
            "nbt": "{CustomModelData:6370021}",
            "items": [
              "minecraft:leather_boots"
            ]
          }
        ]
      }
    }
  }
}
