{
  "parent": "wasd.wand:recipes/crafter_recipe",
  "display": {
    "icon": {
      "item": "minecraft:warped_fungus_on_a_stick",
      "nbt": "{CustomModelData:6370105}"
    },
    "title": "Ice Wand",
    "description": "Shoots a ball of ice that freezes mobs for a bit.",
    "frame": "goal",
    "show_toast": true,
    "announce_to_chat": false,
    "hidden": false
  },
  "criteria": {
    "requirement": {
      "trigger": "minecraft:inventory_changed",
      "conditions": {
        "items": [
          {
            "nbt": "{CustomModelData:6370105}",
            "items": [
              "minecraft:warped_fungus_on_a_stick"
            ]
          }
        ]
      }
    }
  }
}
