{
  "temperature": 0.8,
  "downfall": 0.4,
  "has_precipitation": true,
  "creature_spawn_probability": 0,
  "effects": {
    "sky_color": 2714030,
    "fog_color": 16009288,
    "water_color": 1977759,
    "water_fog_color": 15043600,
    "mood_sound": {
      "sound": "minecraft:ambient.soul_sand_valley.loop",
      "tick_delay": 740,
      "block_search_extent": 0,
      "offset": 0
    },
    "additions_sound": {
      "sound": "minecraft:ambient.soul_sand_valley.additions",
      "tick_chance": 0.02
    }
  },
  "spawners": {},
  "spawn_costs": {},
  "carvers": {},
  "features": []
}