{
    "temperature": 0.8,
    "downfall": 0,
    "has_precipitation": false,
    "effects": {
      "sky_color": 16766330,
      "fog_color": 16773058,
      "water_color": 4159204,
      "water_fog_color": 329011
    },
    "additions_sound": {
      "sound": "minecraft:ambient.nether_wastes.additions",
      "tick_chance": 0.0111
    },
    "music": {
      "sound": "minecraft:minecraft:music_disc.mall",
      "min_delay": 0,
      "max_delay": 0,
      "replace_current_music": true
    },
    "spawners": {
      
      "ambient": [],
      "axolotls": [],
      "creature": [],
      "misc": [],      
      "monster": [],
      "underground_water_creature": [
        {
          "type": "minecraft:cod",
          "weight": 2,
          "minCount": 4,
          "maxCount": 6
        }
      ],
      "water_ambient": [
        {
          "type": "minecraft:cod",
          "weight": 10,
          "minCount": 1,
          "maxCount": 5
        }
      ],
      "water_creature": [
        {
          "type": "minecraft:cod",
          "weight": 10,
          "minCount": 1,
          "maxCount": 4
        }
      ]
    },
    "spawn_costs": {},
    "carvers": {},
    "features": []
}