{
  "parent": "wasd.axe:recipes/patron/patreon",
  "display": {
    "icon": {
      "item": "minecraft:diamond_axe",
      "nbt": "{CustomModelData:6370007}"
    },
    "title": "Ender Axe",
    "description": "Strip a log to set a warp location. All blocks mined will be teleported to the log.",
    "frame": "goal",
    "show_toast": true,
    "announce_to_chat": false,
    "hidden": false
  },
  "criteria": {
    "requirement": {
      "trigger": "minecraft:inventory_changed",
      "conditions": {
        "items": [
          {
            "nbt": "{CustomModelData:6370007}",
            "items": [
              "minecraft:diamond_axe"
            ]
          }
        ]
      }
    }
  }
}
