{
    "type": "entity",
    "pools": [
      {
        "rolls": 1,
        "entries": [
          {
            "type": "item",
            "name": "minecraft:player_head",
            "functions": [
              {
                "function": "set_name",
                "name": {
                  "text": "Lamp 2",
                  "color": "yellow",
                  "bold": false,
                  "italic": false
                },
                "entity": "this"
              },
              {
                "function": "set_nbt",
                "tag": "{furniture:1b,lamp2:1b,CustomModelData:985,display:{Name:'{\"text\":\"Table Lamp\",\"color\":\"yellow\",\"italic\":false}'},SkullOwner:{Id:[I;896492242,-1311094100,-2145777384,-557283891],Properties:{textures:[{Value:\"eyJ0ZXh0dXJlcyI6eyJTS0lOIjp7InVybCI6Imh0dHA6Ly90ZXh0dXJlcy5taW5lY3JhZnQubmV0L3RleHR1cmUvMTgzMmRiN2Q3YTg4ZmY2ODc0N2JjYjU1ZDcyZDNjMWZhY2QzZDM4OWMxNDRmNDI2NGJmZTg5OTMwNDhkMDA2ZiJ9fX0=\"}]}}}"
            }
            ]
          }
        ]
      }
    ]
  }
