{
    "type": "entity",
    "pools": [
      {
        "rolls": 1,
        "entries": [
          {
            "type": "item",
            "name": "minecraft:player_head",
            "functions": [
              {
                "function": "set_name",
                "name": {
                  "text": "Pole 1",
                  "color": "yellow",
                  "bold": false,
                  "italic": false
                },
                "entity": "this"
              },
              {
                "function": "set_nbt",
                "tag": "{furniture:1b,pole1:1b,CustomModelData:985,display:{Name:'{\"text\":\"Street Lamp Pole\",\"color\":\"yellow\",\"italic\":false}'},SkullOwner:{Id:[I;-255831401,1649559496,-1584500068,-131676166],Properties:{textures:[{Value:\"eyJ0ZXh0dXJlcyI6eyJTS0lOIjp7InVybCI6Imh0dHA6Ly90ZXh0dXJlcy5taW5lY3JhZnQubmV0L3RleHR1cmUvYjI1NTRkZGE4MGVhNjRiMThiYzM3NWI4MWNlMWVkMTkwN2ZjODFhZWE2YjFjZjNjNGY3YWQzMTQ0Mzg5ZjY0YyJ9fX0=\"}]}}}"
            }
            ]
          }
        ]
      }
    ]
  }
