{
  "parent": "wasd.crossbow:recipes/crafter_recipe",
  "display": {
    "icon": {
      "item": "minecraft:crossbow",
      "nbt": "{CustomModelData:6370004}"
    },
    "title": "Laser Crossbow",
    "description": "Travels instantly but doesn't do too much damage.",
    "frame": "goal",
    "show_toast": true,
    "announce_to_chat": false,
    "hidden": false
  },
  "criteria": {
    "requirement": {
      "trigger": "minecraft:inventory_changed",
      "conditions": {
        "items": [
          {
            "nbt": "{CustomModelData:6370004}",
            "items": [
              "minecraft:crossbow"
            ]
          }
        ]
      }
    }
  }
}
