{
    "display": {
        "title": {
            "translate": "Your Majesty",
            "color": "gold"
        },
        "description": {
            "translate": "aot.adv.koniglich",
            "color": "white"
        },
        "icon": {
            "item": "minecraft:carved_pumpkin",
            "nbt": "{CustomModelData:42}"
        },
        "frame": "task",
        "show_toast": true,
        "announce_to_chat": true,
        "hidden": true
    },
    "criteria": {
        "unlock": {
            "trigger": "minecraft:impossible"
        }
    },
    "parent": "snc:attack"
}