{
    "__comment": "Made with TheDestruc7i0n's advancements generator: https://advancements.thedestruc7i0n.ca",
    "display": {
        "title": {
            "text": "Levi Ackerman",
            "color": "gold",
            "bold": true
        },
        "description": {
            "text": "Kill 200 Titans",
            "color": "dark_purple",
            "strikethrough": true,
            "obfuscated": true
        },
        "icon": {
            "item": "minecraft:feather",
            "nbt": "{CustomModelData:13}"
        },
        "frame": "challenge",
        "show_toast": true,
        "announce_to_chat": true,
        "hidden": false
    },
    "criteria": {
        "unlock": {
            "trigger": "minecraft:impossible"
        }
    }
}