{
    "__comment": "Made with TheDestruc7i0n's advancements generator: https://advancements.thedestruc7i0n.ca",
    "display": {
        "title": {
            "text": "Annie Leonhart",
            "color": "blue",
            "bold": true
        },
        "description": {
			"translate": "aot.adv.25",
            "color": "dark_purple",
            "underlined": false,
            "strikethrough": true
        },
        "icon": {
            "item": "minecraft:feather",
            "nbt": "{CustomModelData:7}"
        },
        "frame": "challenge",
        "show_toast": true,
        "announce_to_chat": true,
        "hidden": false
    },
    "criteria": {
        "unlock": {
            "trigger": "minecraft:impossible"
        }
    },
    "parent": "snc:pure_titan_10"
}