{
    "__comment": "Made with TheDestruc7i0n's advancements generator: https://advancements.thedestruc7i0n.ca",
    "display": {
        "title": {
			"translate": "aot.adv.shifters",
            "color": "dark_red",
            "bold": true
        },
        "description": {
			"translate": "aot.adv.shifters.desc",
            "color": "white"
        },
        "icon": {
            "item": "minecraft:paper"
        },
        "frame": "task",
        "show_toast": true,
        "announce_to_chat": true,
        "hidden": false
    },
    "criteria": {
        "unlock": {
            "trigger": "minecraft:inventory_changed",
            "conditions": {
                "items": [
                    {
                        "item": "minecraft:paper",
                        "nbt": "{notes:1b}"
                    }
                ]
            }
        }
    },
    "parent": "snc:titan"
}