{
    "__comment": "Made with TheDestruc7i0n's advancements generator: https://advancements.thedestruc7i0n.ca",
    "display": {
        "title": {
			"translate": "aot.adv.syringe",
            "color": "light_purple"
        },
        "description": {
			"translate": "aot.adv.syringe.desc",
            "color": "white"
        },
        "icon": {
            "item": "minecraft:carrot_on_a_stick",
            "nbt": "{CustomModelData:13}"
        },
        "frame": "task",
        "show_toast": true,
        "announce_to_chat": true,
        "hidden": true
    },
    "criteria": {
        "unlock": {
            "trigger": "minecraft:impossible"
        }
    },
    "parent": "snc:shifters"
}