{
    "__comment": "Made with TheDestruc7i0n's advancements generator: https://advancements.thedestruc7i0n.ca",
    "display": {
        "title": {
			"translate": "aot.adv.titan",
            "color": "gold",
            "bold": true
        },
        "description": {
			"translate": "aot.adv.titan.desc",
            "color": "white"
        },
        "icon": {
            "item": "minecraft:flint",
            "nbt": "{CustomModelData:28}"
        },
        "frame": "task",
        "show_toast": true,
        "announce_to_chat": true,
        "hidden": false
    },
    "criteria": {
        "unlock": {
            "trigger": "minecraft:impossible"
        }
    },
    "parent": "snc:manual"
}