[
    {
        "condition": "minecraft:entity_scores",
        "entity": "this",
        "scores": {
            "poft.offset_z": {
                "min": {
                    "type": "minecraft:score",
                    "target": {
                        "type": "minecraft:fixed",
                        "name": "#z_min_base"
                    },
                    "score": "main_score"
                },
                "max": {
                    "type": "minecraft:score",
                    "target": {
                        "type": "minecraft:fixed",
                        "name": "#z_min_base"
                    },
                    "score": "main_score"
                }
            }
        }
    },
    {
        "condition": "inverted",
        "term": {
            "condition": "location_check",
            "offsetY": -1,
            "predicate": {
                "block": {
                    "tag": "physics_of_falling_trees:air"
                }
            }
        }
    }
]