{
    "type": "minecraft:crafting_shaped",
    "pattern": [
        " D ",
        " D ",
        " $ "
    ],
    "key": {
        "D": {
            "item": "minecraft:nautilus_shell"
        },

        "$": {
            "item": "minecraft:stick"
        }
    },
    "result": {
        "item": "minecraft:diamond_sword",
        "data":"{AttributeModifiers: [{Amount: 4, Slot: \"mainhand\", Operation: 0, UUID: [I; -192596, -61963, -161679, -10288428], AttributeName: \"generic.attack_damage\", Name: \"generic.attack_damage\"}, {Amount: -2, Slot: \"mainhand\", Operation: 0, UUID: [I; -192596, -61963, -161679, -10288428], AttributeName: \"generic.attack_speed\", Name: \"generic.attack_speed\"}], wasd_sword: 1b, wasd.sword_type: 37b, Damage: 0, display: {Name: '{\"text\":\"Nautilus Sword\",\"italic\":false}', Lore: ['{\"text\":\"More Powerful in Water.\",\"color\":\"blue\",\"italic\":false}']}, CustomModelData: 6370010}"

    }
}

