{
    "type": "minecraft:crafting_shaped",
    "pattern": [
        " D ",
        " D ",
        " $ "
    ],
    "key": {
        "D": {
            "item": "minecraft:netherrack"
        },

        "$": {
            "item": "minecraft:stick"
        }
    },
    "result": {
        "item": "minecraft:stone_sword",
        "data":"{wasd_sword: 1b, wasd.sword_type: 90b, display: {Name: '{\"text\":\"Netherrack Sword\",\"italic\":false}', Lore: ['{\"text\":\"Occasionally makes mobs drop quartz or gold.\",\"color\":\"blue\",\"italic\":false}']}, Damage: 0, CustomModelData: 6370010}"

}
}
