{
    "type": "minecraft:crafting_shaped",
    "pattern": [
        " D ",
        " D ",
        " $ "
    ],
    "key": {
        "D": {
            "item": "minecraft:sand"
        },

        "$": {
            "item": "minecraft:stick"
        }
    },
    "result": {
        "item": "minecraft:wooden_sword",
        "data":"{wasd_sword: 1b, wasd.sword_type: 100b, CustomModelData: 6370010, Damage: 0, display: {Name: '{\"text\":\"Sand Sword\",\"italic\":false}', Lore: ['{\"text\":\"Drags mobs down into sand.\",\"color\":\"blue\",\"italic\":false}']}}"

}
}
