{
    "type": "minecraft:crafting_shaped",
    "pattern": [
        " D ",
        " D ",
        " $ "
    ],
    "key": {
        "D": {
            "item": "minecraft:slime_block"
        },

        "$": {
            "item": "minecraft:stick"
        }
    },
    "result": {
        "item": "minecraft:wooden_sword",
        "data":"{CustomModelData: 6370005, wasd_sword: 1b, wasd.sword_type: 4b, display: {Name: '{\"text\":\"Slime Sword\",\"italic\":false}', Lore: ['{\"text\":\"Bounces foes into the air.\",\"color\":\"blue\",\"italic\":false}']}, Damage: 0, AttributeModifiers: [{Amount: 2, Name: \"generic.attack_damage\", Operation: 0, UUID: [I; -192596, -61963, -161679, -10288428], AttributeName: \"generic.attack_damage\", Slot: \"mainhand\"}, {Amount: -3, Name: \"generic.attack_speed\", Operation: 0, UUID: [I; -192596, -61963, -161679, -10288428], AttributeName: \"generic.attack_speed\", Slot: \"mainhand\"}]}"

}
}
