{
    "type": "minecraft:crafting_shaped",
    "pattern": [
        " D ",
        " D ",
        " $ "
    ],
    "key": {
        "D": {
            "item": "minecraft:gray_stained_glass"
        },

        "$": {
            "item": "minecraft:stick"
        }
    },
    "result": {
        "item": "minecraft:golden_sword",
        "data":"{CustomModelData: 6370009, wasd_sword: 1b, wasd.sword_type: 28b, display: {Name: '{\"text\":\"Gray Stained Glass Sword\",\"italic\":false}', Lore: ['{\"text\":\"Does very little damage, but causes bleeding.\",\"color\":\"blue\",\"italic\":false}', '{\"text\":\"More Bleeding damage at lower durability.\",\"color\":\"blue\",\"italic\":false}']}, Damage: 0, AttributeModifiers: [{Amount: 2, Name: \"generic.attack_damage\", Operation: 0, UUID: [I; -192596, -61963, -161679, -10288428], AttributeName: \"generic.attack_damage\", Slot: \"mainhand\"}, {Amount: -2, Name: \"generic.attack_speed\", Operation: 0, UUID: [I; -192596, -61963, -161679, -10288428], AttributeName: \"generic.attack_speed\", Slot: \"mainhand\"}]}"


    }
}

