{
    "display": {
        "title": {
            "text": "The Colossal Titan!",
            "color": "aqua"
        },
        "description": {
            "text": "Obtain the Colossal Titan!",
            "color": "white"
        },
        "icon": {
            "item": "minecraft:carved_pumpkin",
            "nbt": "{CustomModelData:15}"
        },
        "frame": "goal",
        "show_toast": true,
        "announce_to_chat": true,
        "hidden": true
    },
    "criteria": {
        "unlock": {
            "trigger": "minecraft:impossible"
        }
    },
    "parent": "snc:shifters/aura"
}