{
    "display": {
        "title": {
            "translate": "aot.odm",
            "color": "dark_green",
            "bold": true
        },
        "description": {
            "translate": "aot.odm.desc",
            "color": "white"
        },
        "icon": {
            "item": "minecraft:minecart",
            "nbt": "{CustomModelData:1}"
        },
        "frame": "goal",
        "show_toast": true,
        "announce_to_chat": true,
        "hidden": false
    },
    "criteria": {
        "Craft Odm": {
            "trigger": "minecraft:recipe_unlocked",
            "conditions": {
                "recipe": "snc:odm_gear"
            }
        },
        "Craft Trigger": {
            "trigger": "minecraft:recipe_unlocked",
            "conditions": {
                "recipe": "snc:gas_trigger"
            }
        }
    },
    "rewards": {
        "experience": 20
    },
    "parent": "snc:survey/equip"
}