{
    "__comment": "Made with TheDestruc7i0n's advancements generator: https://advancements.thedestruc7i0n.ca",
    "display": {
        "title": {
			"translate": "aot.odm2",
            "color": "dark_red",
            "bold": true
        },
        "description": {
            "text": "Nein wir sind die jäger!",
            "color": "white"
        },
        "icon": {
            "item": "minecraft:minecart",
            "nbt": "{CustomModelData:3}"
        },
        "frame": "goal",
        "show_toast": true,
        "announce_to_chat": true,
        "hidden": false
    },
    "criteria": {
        "Craft Odm Thunder": {
            "trigger": "minecraft:impossible"
        },
        "Craft Trigger Thunder": {
            "trigger": "minecraft:impossible"
        }
    },
    "rewards": {
        "experience": 100
    },
    "parent": "snc:survey/odm/spear"
}