{
    "display": {
        "title": {
            "translate": "aot.thunder",
            "color": "gray"
        },
        "description": {
            "translate": "aot.adv.thunder.desc",
            "color": "white"
        },
        "icon": {
            "item": "minecraft:minecart",
            "nbt": "{CustomModelData:4}"
        },
        "frame": "task",
        "show_toast": true,
        "announce_to_chat": true,
        "hidden": false
    },
    "criteria": {
        "Craft Thunder Spear": {
            "trigger": "minecraft:recipe_unlocked",
            "conditions": {
                "recipe": "snc:gun/spear"
            }
        }
    },
    "parent": "snc:survey/odm/odm_gear"
}