{
  "parent": "wasd.boots:recipes/crafter_recipe",
  "display": {
    "icon": {
      "item": "minecraft:leather_boots",
      "nbt": "{CustomModelData:6370011,display:{color:16757169}}"
    },
    "title": "Bunny Boots",
    "description": "Gives you a jump boost.",
    "frame": "goal",
    "show_toast": true,
    "announce_to_chat": false,
    "hidden": false
  },
  "criteria": {
    "requirement": {
      "trigger": "minecraft:inventory_changed",
      "conditions": {
        "items": [
          {
            "nbt": "{CustomModelData:6370011}",
            "items": [
              "minecraft:leather_boots"
            ]
          }
        ]
      }
    }
  }
}
