{
  "parent": "wasd.boots:recipes/crafter_recipe",
  "display": {
    "icon": {
      "item": "minecraft:leather_boots",
      "nbt": "{CustomModelData:6370003,display:{color:10289049}}"
    },
    "title": "Sticky Boots",
    "description": "Lets you slide down the side of blocks.",
    "frame": "goal",
    "show_toast": true,
    "announce_to_chat": false,
    "hidden": false
  },
  "criteria": {
    "requirement": {
      "trigger": "minecraft:inventory_changed",
      "conditions": {
        "items": [
          {
            "nbt": "{CustomModelData:6370003}",
            "items": [
              "minecraft:leather_boots"
            ]
          }
        ]
      }
    }
  }
}
