{
    "type": "entity",
    "pools": [
      {
        "rolls": 1,
        "entries": [
          {
            "type": "item",
            "name": "minecraft:player_head",
            "functions": [
              {
                "function": "set_name",
                "name": {
                  "text": "Store Curtain",
                  "color": "yellow",
                  "bold": false,
                  "italic": false
                },
                "entity": "this"
              },
              {
                "function": "set_nbt",
                "tag": "{curtain2:1b,furniture:1b,CustomModelData:689,display:{Name:'{\"text\":\"Roller Blind\",\"color\":\"yellow\",\"italic\":false}'},SkullOwner:{Id:[I;1306959352,762679376,-1996554493,-2081790520],Properties:{textures:[{Value:\"eyJ0ZXh0dXJlcyI6eyJTS0lOIjp7InVybCI6Imh0dHA6Ly90ZXh0dXJlcy5taW5lY3JhZnQubmV0L3RleHR1cmUvMTY0NmE2MmZlYzJkZDk3ZjVlNGFhMzI5YWU0NDZjNjAxMWE4ZThlMmQ4MTdhZWViOGZkYzExY2M1NGVjMmViZSJ9fX0=\"}]}}}"
            }
            ]
          }
        ]
      }
    ]
  }