{
  "parent": "wasd.wand:pack",
  "display": {
    "icon": {
      "item": "minecraft:item_frame",
      "nbt": "{CustomModelData:6370010}"
    },
    "title": "Wand Crafter",
    "description": "Used to craft all the wands in this pack.",
    "frame": "goal",
    "show_toast": true,
    "announce_to_chat": false,
    "hidden": false
  },
  "criteria": {
    "requirement": {
      "trigger": "minecraft:inventory_changed",
      "conditions": {
        "items": [
          {
            "nbt": "{CustomModelData:6370010}",
            "items": [
              "minecraft:item_frame"
            ]
          }
        ]
      }
    }
  }
}
