{
  "parent": "wasd.lib:wasd/website",
  "display": {
    "icon": {
      "item": "minecraft:clay_ball",
      "nbt": "{CustomModelData:6371303}"
    },
    "title": "Amazing $50+ Patrons",
    "description": "\nAwesome people that have supported me greatly! Use the trigger to see the list!\n\n/trigger wasd.patrons\n",
    "frame": "goal",
    "show_toast": false,
    "announce_to_chat": false,
    "hidden": false
  },
  "criteria": {
    "requirement": {
      "trigger": "minecraft:tick"
    }
  }
}
